ciudad,departamento,tipo,bathrooms,ambientes,habitaciones,metros,price
popayan,cauca,apartamento,2.0,,3.0,80.0,1500000.0
popayan,cauca,local,1.0,,,10.0,800000.0
popayan,cauca,local,,1.0,,4.0,400000.0
popayan,cauca,habitación,1.0,,,10.0,700000.0
popayan,cauca,apartaestudio,1.0,,1.0,58.0,1500000.0
popayan,cauca,oficina,1.0,,,23.0,700000.0
popayan,cauca,apartaestudio,1.0,,1.0,26.0,550000.0
popayan,cauca,apartamento,2.0,,3.0,69.0,1200000.0
popayan,cauca,casa,6.0,,7.0,344.0,3100000.0
popayan,cauca,casa,4.0,,5.0,240.0,3000000.0
popayan,cauca,habitación,6.0,,,1000.0,370000.0
popayan,cauca,apartaestudio,1.0,,1.0,31.0,650000.0
popayan,cauca,casa,2.0,,4.0,210.0,1300000.0
popayan,cauca,casa,4.0,,6.0,200.0,3200000.0
popayan,cauca,casa,3.0,,3.0,125.0,1530000.0
popayan,cauca,apartaestudio,1.0,,1.0,20.0,580000.0
popayan,cauca,oficina,1.0,1.0,,90.0,3600000.0
popayan,cauca,apartamento,3.0,,4.0,82.0,1580000.0
popayan,cauca,oficina,1.0,1.0,,90.0,2300000.0
popayan,cauca,apartamento,2.0,,3.0,60.0,1200000.0
popayan,cauca,local,1.0,1.0,,34.0,1300000.0
popayan,cauca,apartamento,3.0,,3.0,110.0,1800000.0
popayan,cauca,apartamento,1.0,,2.0,85.0,750000.0
popayan,cauca,oficina,1.0,1.0,,30.0,1300000.0
popayan,cauca,local,2.0,,,200.0,7500000.0
popayan,cauca,apartamento,2.0,,3.0,6.0,1300000.0
popayan,cauca,apartaestudio,1.0,,1.0,30.0,600000.0
popayan,cauca,casa,4.0,,4.0,150.0,1400000.0
popayan,cauca,local,1.0,1.0,,28.0,900000.0
popayan,cauca,casa,3.0,,3.0,99.0,1500000.0
popayan,cauca,habitación,1.0,,,6.0,340000.0
popayan,cauca,casa,1.0,,2.0,75.0,500000.0
popayan,cauca,habitación,1.0,,,36.0,280000.0
popayan,cauca,local,1.0,1.0,,27.0,1000000.0
popayan,cauca,casa,3.0,,4.0,117.0,1100000.0
popayan,cauca,local,1.0,1.0,,22.0,1200000.0
popayan,cauca,habitación,1.0,,1.0,28.0,480000.0
popayan,cauca,apartamento,1.0,,3.0,47.0,500000.0
popayan,cauca,casa,2.0,,3.0,105.0,1400000.0
popayan,cauca,apartaestudio,1.0,,1.0,60.0,800000.0
popayan,cauca,casa,4.0,,5.0,220.0,3500000.0
popayan,cauca,local,3.0,1.0,,294.0,12000000.0
popayan,cauca,local,1.0,1.0,,14.0,1500000.0
popayan,cauca,local,1.0,,,18.0,650000.0
popayan,cauca,habitación,,,,95.0,400000.0
popayan,cauca,local,1.0,,,10.0,100000.0
popayan,cauca,local,1.0,,,32.0,2100000.0
popayan,cauca,local,1.0,1.0,,35.0,2000000.0
popayan,cauca,habitación,2.0,,,160.0,390000.0
popayan,cauca,apartaestudio,1.0,,1.0,35.0,450000.0
popayan,cauca,apartaestudio,1.0,,1.0,30.0,800000.0
popayan,cauca,casa,4.0,,7.0,500.0,3200000.0
popayan,cauca,casa,4.0,,4.0,156.0,2000000.0
popayan,cauca,local,1.0,,,400.0,4000000.0
popayan,cauca,apartamento,1.0,,2.0,56.0,970000.0
popayan,cauca,casa,2.0,,2.0,142.0,500000.0
popayan,cauca,apartaestudio,1.0,,1.0,24.0,530000.0
popayan,cauca,casa_lote,4.0,,5.0,245.0,1500000.0
popayan,cauca,apartamento,1.0,,1.0,45.0,680000.0
popayan,cauca,local,1.0,,,30.0,2500000.0
popayan,cauca,habitación,1.0,,,18.0,450000.0
popayan,cauca,habitación,1.0,,,4.0,350000.0
popayan,cauca,local,1.0,1.0,,70.0,1400000.0
popayan,cauca,habitación,10.0,,10.0,17.0,750000.0
popayan,cauca,casa_lote,2.0,,4.0,66.0,1000000.0
popayan,cauca,local,1.0,1.0,,90.0,2300000.0
popayan,cauca,apartamento,2.0,,2.0,51.0,650000.0
popayan,cauca,apartamento,2.0,,3.0,80.0,1400000.0
popayan,cauca,habitación,1.0,,1.0,20.0,600000.0
popayan,cauca,apartaestudio,1.0,,1.0,32.0,510000.0
popayan,cauca,habitación,1.0,,,15.0,430000.0
popayan,cauca,local,1.0,1.0,,5.0,80000.0
popayan,cauca,apartamento,2.0,,3.0,65.0,1200000.0
popayan,cauca,habitación,,,,9.0,320000.0
armenia,quindio,apartamento,1.0,,2.0,43.0,1100000.0
armenia,quindio,apartamento,2.0,,3.0,115.0,2700000.0
armenia,quindio,casa_campestre,3.0,,3.0,750.0,4900000.0
armenia,quindio,casa,4.0,,7.0,230.0,4500000.0
armenia,quindio,apartamento,1.0,,2.0,48.0,700000.0
armenia,quindio,apartamento,2.0,,3.0,90.0,2200000.0
armenia,quindio,casa,7.0,,7.0,900.0,8000000.0
armenia,quindio,apartamento,2.0,,1.0,50.0,1250000.0
armenia,quindio,apartamento,2.0,,3.0,103.0,3000000.0
armenia,quindio,casa_campestre,3.0,,3.0,253.0,3500000.0
armenia,quindio,apartamento,1.0,,2.0,60.0,750000.0
armenia,quindio,local,1.0,,,35.0,1500000.0
armenia,quindio,apartamento,2.0,,2.0,57.0,1550000.0
armenia,quindio,oficina,2.0,1.0,,148.0,2000000.0
armenia,quindio,apartamento,4.0,,4.0,170.0,3400000.0
armenia,quindio,apartaestudio,1.0,,1.0,35.0,1500000.0
armenia,quindio,casa_campestre,6.0,,4.0,225.0,4500000.0
armenia,quindio,casa,3.0,,3.0,82.0,1850000.0
armenia,quindio,apartamento,4.0,,4.0,264.0,10000000.0
armenia,quindio,apartamento,2.0,,3.0,119.0,2375000.0
armenia,quindio,apartamento,1.0,,2.0,48.0,700000.0
armenia,quindio,apartamento,2.0,,2.0,59.0,950000.0
armenia,quindio,apartamento,2.0,,2.0,67.0,3300000.0
armenia,quindio,apartamento,2.0,,2.0,55.0,2700000.0
armenia,quindio,local,2.0,,,67.0,3000000.0
armenia,quindio,local,1.0,1.0,,22.0,1000000.0
armenia,quindio,apartamento,2.0,,3.0,58.0,1000000.0
armenia,quindio,casa,3.0,,3.0,74.0,650000.0
armenia,quindio,apartaestudio,1.0,,1.0,35.0,850000.0
armenia,quindio,apartamento,2.0,,3.0,66.0,1500000.0
armenia,quindio,apartamento,1.0,,2.0,48.0,850000.0
armenia,quindio,apartamento,1.0,,3.0,70.0,900000.0
armenia,quindio,apartamento,1.0,,2.0,60.0,1200000.0
armenia,quindio,casa,5.0,,8.0,550.0,10700000.0
armenia,quindio,consultorio,1.0,,,38.0,1880000.0
armenia,quindio,apartaestudio,1.0,,1.0,35.0,530000.0
armenia,quindio,apartamento,2.0,,2.0,72.0,1800000.0
armenia,quindio,apartaestudio,2.0,,1.0,55.0,2500000.0
armenia,quindio,local,1.0,1.0,,300.0,6300000.0
armenia,quindio,apartamento,2.0,,2.0,72.0,2000000.0
armenia,quindio,casa_campestre,5.0,,4.0,294.0,12000000.0
armenia,quindio,oficina,1.0,,,21.0,2000000.0
armenia,quindio,apartaestudio,1.0,,1.0,30.0,850000.0
armenia,quindio,casa,2.0,,3.0,81.0,1000000.0
armenia,quindio,oficina,1.0,1.0,,34.0,1600000.0
armenia,quindio,local,1.0,,,43.0,2300000.0
armenia,quindio,local,,,,149.0,6750000.0
armenia,quindio,apartaestudio,2.0,,1.0,51.0,1400000.0
armenia,quindio,oficina,1.0,,,5.0,950000.0
armenia,quindio,apartamento,5.0,,5.0,364.0,5700000.0
armenia,quindio,local,,,,11.0,1700000.0
armenia,quindio,local,1.0,1.0,,25.0,850000.0
armenia,quindio,local,1.0,1.0,,25.0,850000.0
armenia,quindio,apartamento,2.0,,3.0,65.0,1500000.0
armenia,quindio,casa,3.0,,5.0,270.0,3600000.0
armenia,quindio,apartamento,2.0,,20.0,92.0,2600000.0
armenia,quindio,bodega,,,,500.0,6500000.0
armenia,quindio,apartaestudio,1.0,,1.0,40.0,1300000.0
armenia,quindio,cabaña,1.0,,1.0,45.0,499000.0
armenia,quindio,apartaestudio,1.0,,1.0,41.0,950000.0
armenia,quindio,apartaestudio,1.0,,1.0,47.0,1000000.0
armenia,quindio,apartamento,1.0,,2.0,44.0,750000.0
armenia,quindio,apartamento,2.0,,1.0,63.0,1900000.0
armenia,quindio,local,1.0,,,64.0,4300000.0
armenia,quindio,apartamento,1.0,,2.0,53.0,1100000.0
armenia,quindio,local,1.0,,,14.0,800000.0
armenia,quindio,apartaestudio,1.0,,1.0,54.0,1200000.0
armenia,quindio,apartamento,2.0,,3.0,56.0,1270000.0
armenia,quindio,casa,3.0,,4.0,200.0,3200000.0
armenia,quindio,local,4.0,1.0,,280.0,9900000.0
armenia,quindio,local,2.0,,,130.0,3300000.0
armenia,quindio,apartamento,2.0,,3.0,98.0,2500000.0
armenia,quindio,apartamento,2.0,,3.0,65.0,2000000.0
armenia,quindio,apartamento,2.0,,3.0,98.0,1750000.0
armenia,quindio,apartamento,2.0,,3.0,80.0,2100000.0
armenia,quindio,apartamento,2.0,,2.0,40.0,1300000.0
armenia,quindio,local,2.0,,,80.0,3500000.0
armenia,quindio,casa,3.0,,3.0,160.0,3700000.0
armenia,quindio,local,1.0,1.0,,100.0,2500000.0
armenia,quindio,apartamento,2.0,,2.0,61.0,1900000.0
armenia,quindio,apartaestudio,1.0,,1.0,25.0,780000.0
armenia,quindio,local,,,,13.0,472000.0
armenia,quindio,bodega,,,,300.0,5712000.0
armenia,quindio,apartamento,2.0,,2.0,58.0,1600000.0
armenia,quindio,apartamento,2.0,,3.0,80.0,1000000.0
armenia,quindio,casa,3.0,,3.0,135.0,2200000.0
armenia,quindio,apartamento,2.0,,2.0,57.0,1450000.0
armenia,quindio,casa_campestre,4.0,,3.0,230.0,5500000.0
armenia,quindio,casa_campestre,6.0,,6.0,250.0,4500000.0
armenia,quindio,oficina,1.0,,,65.0,3600000.0
armenia,quindio,apartamento,1.0,,2.0,43.0,850000.0
armenia,quindio,local,1.0,1.0,,10.0,600000.0
armenia,quindio,bodega,1.0,,,720.0,12000000.0
armenia,quindio,bodega,1.0,,1.0,520.0,10000000.0
armenia,quindio,oficina,1.0,1.0,,15.0,570000.0
armenia,quindio,apartaestudio,2.0,,1.0,54.0,1650000.0
armenia,quindio,apartamento,2.0,,2.0,104.0,3000000.0
armenia,quindio,apartamento,3.0,,4.0,114.0,1500000.0
armenia,quindio,apartamento,3.0,,3.0,150.0,3000000.0
armenia,quindio,local,1.0,1.0,,30.0,1100000.0
armenia,quindio,oficina,1.0,1.0,,48.0,900000.0
armenia,quindio,apartamento,2.0,,3.0,97.0,3000000.0
armenia,quindio,apartaestudio,1.0,,1.0,41.0,1800000.0
armenia,quindio,local,1.0,1.0,,75.0,1840000.0
armenia,quindio,apartamento,2.0,,2.0,57.0,1800000.0
popayan,cauca,oficina,,,,19.0,850000.0
popayan,cauca,local,,,,12.0,1400000.0
popayan,cauca,local,2.0,1.0,,65.0,1000000.0
popayan,cauca,local,,,,70.0,3200000.0
popayan,cauca,apartaestudio,1.0,,1.0,33.0,1300000.0
popayan,cauca,casa,2.0,,3.0,103.0,1270000.0
popayan,cauca,apartamento,2.0,,4.0,32.0,810000.0
popayan,cauca,apartamento,2.0,,2.0,6.0,1400000.0
popayan,cauca,apartamento,2.0,,3.0,100.0,1400000.0
popayan,cauca,casa,1.0,,2.0,60.0,950000.0
popayan,cauca,local,1.0,,,30.0,2000000.0
popayan,cauca,apartamento,2.0,,4.0,200.0,1500000.0
popayan,cauca,local,4.0,,,500.0,3200000.0
popayan,cauca,local,2.0,1.0,,27.0,3000000.0
popayan,cauca,habitación,4.0,,5.0,4.0,200000.0
popayan,cauca,apartamento,1.0,,2.0,58.0,1300000.0
popayan,cauca,casa,3.0,,3.0,80.0,1200000.0
popayan,cauca,habitación,6.0,,,1000.0,350000.0
popayan,cauca,casa,4.0,,4.0,222.0,3000000.0
popayan,cauca,apartamento,2.0,,3.0,120.0,1300000.0
popayan,cauca,local,1.0,1.0,,22.0,1500000.0
armenia,quindio,apartamento,2.0,,3.0,90.0,3000000.0
armenia,quindio,casa,5.0,,5.0,110.0,4700000.0
armenia,quindio,apartamento,4.0,,3.0,170.0,3900000.0
armenia,quindio,oficina,,1.0,,259.0,12328400.0
armenia,quindio,oficina,,12.0,,210.0,2850000.0
armenia,quindio,apartamento,2.0,,3.0,55.0,1300000.0
armenia,quindio,local,2.0,,,130.0,3900000.0
armenia,quindio,local,2.0,1.0,,240.0,11500000.0
armenia,quindio,apartamento,2.0,,3.0,58.0,1300000.0
armenia,quindio,apartamento,1.0,,2.0,70.0,800000.0
armenia,quindio,apartaestudio,1.0,,1.0,45.0,2000000.0
armenia,quindio,casa_campestre,4.0,,3.0,140.0,4000000.0
armenia,quindio,apartaestudio,1.0,,1.0,37.0,1500000.0
armenia,quindio,local,4.0,1.0,,137.0,3700000.0
armenia,quindio,apartamento,2.0,,2.0,48.0,950000.0
armenia,quindio,oficina,,1.0,,20.0,650000.0
armenia,quindio,apartaestudio,1.0,,1.0,38.0,1400000.0
armenia,quindio,apartamento,2.0,,3.0,26.0,1250000.0
armenia,quindio,apartaestudio,2.0,,1.0,62.0,1800000.0
armenia,quindio,local,2.0,1.0,,359.0,18000000.0
armenia,quindio,local,1.0,,,40.0,3200000.0
armenia,quindio,apartamento,2.0,,3.0,83.0,2500000.0
armenia,quindio,apartamento,1.0,,3.0,90.0,1500000.0
armenia,quindio,apartamento,2.0,,2.0,60.0,2100000.0
armenia,quindio,casa,2.0,,3.0,68.0,1100000.0
armenia,quindio,local,,1.0,,20.0,1200000.0
armenia,quindio,apartamento,1.0,,2.0,62.0,2000000.0
armenia,quindio,local,3.0,1.0,,520.0,17000000.0
armenia,quindio,casa_campestre,4.0,,3.0,500.0,4200000.0
armenia,quindio,apartamento,2.0,,2.0,68.0,1400000.0
armenia,quindio,local,2.0,1.0,,130.0,7000000.0
armenia,quindio,apartamento,1.0,,2.0,51.0,934000.0
armenia,quindio,apartamento,2.0,,2.0,55.0,1500000.0
armenia,quindio,casa,1.0,,3.0,56.0,1400000.0
armenia,quindio,local,1.0,1.0,,27.0,1300000.0
armenia,quindio,casa,1.0,,2.0,50.0,480000.0
armenia,quindio,apartamento,2.0,,3.0,81.0,2000000.0
armenia,quindio,oficina,1.0,1.0,,26.0,1200000.0
armenia,quindio,casa_campestre,2.0,,4.0,200.0,7500000.0
armenia,quindio,apartamento,1.0,,2.0,38.0,600000.0
armenia,quindio,apartamento,1.0,,1.0,52.0,1900000.0
armenia,quindio,casa_campestre,4.0,,3.0,140.0,4300000.0
armenia,quindio,local,5.0,1.0,,320.0,12500000.0
armenia,quindio,apartamento,2.0,,2.0,69.0,1600000.0
armenia,quindio,apartamento,2.0,,3.0,76.0,1900000.0
armenia,quindio,apartamento,2.0,,2.0,50.0,750000.0
armenia,quindio,local,1.0,,,1390.0,8700000.0
armenia,quindio,apartamento,2.0,,3.0,117.0,3500000.0
armenia,quindio,local,,1.0,,114.0,5000000.0
armenia,quindio,local,,1.0,,38.0,1300000.0
armenia,quindio,casa_campestre,10.0,,5.0,1800.0,5500000.0
armenia,quindio,apartamento,2.0,,2.0,76.0,1950000.0
armenia,quindio,oficina,2.0,1.0,,120.0,6500000.0
armenia,quindio,apartaestudio,1.0,,1.0,34.0,1090000.0
armenia,quindio,casa_campestre,4.0,,4.0,220.0,4900000.0
armenia,quindio,apartamento,4.0,,3.0,175.0,5000000.0
armenia,quindio,apartamento,2.0,,3.0,55.0,800000.0
armenia,quindio,apartamento,2.0,,3.0,52.0,1050000.0
armenia,quindio,apartaestudio,1.0,,1.0,54.0,1500000.0
armenia,quindio,casa_campestre,7.0,,6.0,700.0,7990000.0
armenia,quindio,casa,2.0,,3.0,62.0,970000.0
armenia,quindio,apartaestudio,1.0,,1.0,40.0,1800000.0
armenia,quindio,apartaestudio,1.0,,1.0,30.0,1500000.0
armenia,quindio,apartamento,2.0,,2.0,56.0,2290000.0
armenia,quindio,apartamento,2.0,,3.0,102.0,2442000.0
armenia,quindio,bodega,5.0,,,1290.0,20030000.0
armenia,quindio,casa,2.0,,3.0,70.0,650000.0
armenia,quindio,bodega,1.0,,1.0,187.0,7137000.0
armenia,quindio,apartaestudio,1.0,,1.0,24.0,1100000.0
armenia,quindio,apartamento,2.0,,3.0,84.0,950000.0
armenia,quindio,casa_campestre,6.0,,5.0,900.0,15000000.0
armenia,quindio,apartamento,1.0,,2.0,48.0,650000.0
armenia,quindio,apartaestudio,1.0,,1.0,40.0,1400000.0
armenia,quindio,apartaestudio,1.0,,1.0,38.0,830000.0
armenia,quindio,casa,3.0,,3.0,155.0,2000000.0
armenia,quindio,oficina,2.0,1.0,,22.0,1850000.0
armenia,quindio,local,1.0,1.0,,133.0,7122150.0
armenia,quindio,bodega,2.0,,1.0,540.0,10000000.0
armenia,quindio,apartamento,3.0,,3.0,117.0,2100000.0
armenia,quindio,apartamento,2.0,,3.0,67.0,950000.0
armenia,quindio,local,1.0,1.0,,126.0,7140000.0
armenia,quindio,casa_campestre,5.0,,3.0,250.0,6000000.0
armenia,quindio,local,1.0,1.0,,556.0,25000000.0
armenia,quindio,apartamento,2.0,,3.0,62.0,1900000.0
valledupar,cesar,apartamento,3.0,,3.0,96.0,2000000.0
valledupar,cesar,apartamento,3.0,,3.0,96.0,2300000.0
valledupar,cesar,apartamento,2.0,,2.0,56.0,1100000.0
valledupar,cesar,local,2.0,,,200.0,6500000.0
valledupar,cesar,local,,,,6.0,30000.0
valledupar,cesar,oficina,,,,137.0,4500000.0
valledupar,cesar,local,1.0,,,38.0,1000000.0
valledupar,cesar,bodega,2.0,,,2000.0,2500000.0
valledupar,cesar,casa,3.0,,4.0,200.0,2600000.0
valledupar,cesar,casa,3.0,,3.0,161.0,5500000.0
valledupar,cesar,casa,,,4.0,350.0,6000000.0
valledupar,cesar,casa,3.0,,3.0,298.0,2800000.0
valledupar,cesar,oficina,3.0,,,252.0,7000000.0
valledupar,cesar,apartamento,1.0,,2.0,47.0,700000.0
valledupar,cesar,local,1.0,,,33.0,1692000.0
valledupar,cesar,local,1.0,,,20.0,950000.0
valledupar,cesar,edificio,,,,396.0,200000.0
valledupar,cesar,local,1.0,,,30.0,850000.0
valledupar,cesar,casa,,,5.0,300.0,2850000.0
valledupar,cesar,local,,,,170.0,15164400.0
valledupar,cesar,casa,2.0,,3.0,72.0,1280000.0
valledupar,cesar,oficina,1.0,,,108.0,4124070.0
valledupar,cesar,local,1.0,,,25.0,2800000.0
valledupar,cesar,casa,3.0,,3.0,92.0,2000000.0
valledupar,cesar,local,,,,241.0,8460000.0
valledupar,cesar,apartamento,1.0,,1.0,40.0,800000.0
valledupar,cesar,casa,3.0,,3.0,278.0,1650000.0
valledupar,cesar,casa,2.0,,3.0,111.0,1400000.0
valledupar,cesar,local,2.0,,,60.0,2200000.0
valledupar,cesar,oficina,1.0,,,39.0,1200000.0
valledupar,cesar,local,1.0,,,36.0,1300000.0
valledupar,cesar,apartaestudio,1.0,,1.0,43.0,800000.0
valledupar,cesar,local,1.0,,,100.0,3100000.0
valledupar,cesar,apartamento,2.0,,3.0,60.0,1400000.0
valledupar,cesar,local,2.0,,,120.0,3000000.0
valledupar,cesar,casa,3.0,,2.0,162.0,1700000.0
valledupar,cesar,apartamento,2.0,,2.0,60.0,650000.0
valledupar,cesar,local,1.0,,,25.0,2800000.0
valledupar,cesar,casa,2.0,,4.0,540.0,4130000.0
valledupar,cesar,oficina,1.0,,,55.0,1650000.0
valledupar,cesar,casa,3.0,,3.0,160.0,1500000.0
valledupar,cesar,oficina,2.0,,,256.0,8000000.0
valledupar,cesar,local,1.0,,,88.0,1800000.0
valledupar,cesar,local,,,,33.0,850000.0
valledupar,cesar,apartamento,2.0,,2.0,60.0,600000.0
valledupar,cesar,local,1.0,,,50.0,2500000.0
valledupar,cesar,apartamento,3.0,,3.0,106.0,1500000.0
valledupar,cesar,apartamento,1.0,,2.0,46.0,750000.0
valledupar,cesar,local,,,,14.0,830000.0
valledupar,cesar,apartamento,1.0,,3.0,80.0,1000000.0
valledupar,cesar,apartamento,2.0,,2.0,60.0,600000.0
valledupar,cesar,oficina,1.0,,,418.0,9107760.0
valledupar,cesar,apartamento,,,,60.0,1650000.0
valledupar,cesar,local,1.0,,,31.0,1200000.0
valledupar,cesar,lote,,,,137.0,2000000.0
valledupar,cesar,oficina,,,,220.0,8500000.0
valledupar,cesar,casa,6.0,,8.0,800.0,25000000.0
valledupar,cesar,lote,,,,899.0,3500000.0
valledupar,cesar,apartamento,2.0,,2.0,60.0,600000.0
valledupar,cesar,local,2.0,,,280.0,20000.0
valledupar,cesar,oficina,1.0,,,45.0,1700000.0
valledupar,cesar,casa,3.0,,3.0,120.0,1200000.0
valledupar,cesar,apartamento,2.0,,2.0,80.0,900000.0
valledupar,cesar,local,,,,140.0,12487100.0
valledupar,cesar,lote,,,,3200.0,5000000.0
valledupar,cesar,local,2.0,,,425.0,3800000.0
valledupar,cesar,casa,3.0,,3.0,73.0,1350000.0
valledupar,cesar,apartamento,5.0,,3.0,485.0,25000000.0
valledupar,cesar,apartamento,1.0,,2.0,60.0,600000.0
valledupar,cesar,oficina,1.0,,,70.0,2286000.0
valledupar,cesar,casa,4.0,,7.0,353.0,4000000.0
valledupar,cesar,apartamento,2.0,,2.0,168.0,1400000.0
valledupar,cesar,local,,,,15.0,1000000.0
valledupar,cesar,casa,1.0,,4.0,300.0,4700000.0
valledupar,cesar,local,1.0,,,50.0,2500000.0
valledupar,cesar,oficina,1.0,,,60.0,1800000.0
valledupar,cesar,apartamento,1.0,,1.0,20.0,450000.0
valledupar,cesar,local,1.0,,,89.0,13000000.0
valledupar,cesar,apartamento,3.0,,3.0,110.0,1200000.0
valledupar,cesar,bodega,2.0,,,600.0,12000000.0
valledupar,cesar,casa,3.0,,3.0,112.0,1200000.0
valledupar,cesar,casa,2.0,,4.0,163.0,1300000.0
valledupar,cesar,casa,3.0,,3.0,150.0,1300000.0
valledupar,cesar,apartamento,3.0,,2.0,108.0,2500000.0
armenia,quindio,consultorio,1.0,2.0,,40.0,2200000.0
armenia,quindio,apartaestudio,1.0,,1.0,65.0,2850000.0
armenia,quindio,apartamento,2.0,,2.0,89.0,1850000.0
armenia,quindio,apartamento,1.0,,3.0,65.0,600000.0
armenia,quindio,apartamento,3.0,,4.0,145.0,5000000.0
armenia,quindio,apartamento,2.0,,3.0,68.0,2100000.0
armenia,quindio,apartamento,2.0,,3.0,67.0,3000000.0
armenia,quindio,apartamento,1.0,,1.0,37.0,1200000.0
armenia,quindio,apartaestudio,1.0,,1.0,48.0,1350000.0
armenia,quindio,apartamento,2.0,,2.0,67.0,1700000.0
armenia,quindio,apartamento,2.0,,2.0,18.0,1285000.0
armenia,quindio,apartamento,2.0,,3.0,71.0,1650000.0
armenia,quindio,casa,1.0,,2.0,70.0,600000.0
armenia,quindio,apartamento,2.0,,3.0,47.0,2100000.0
armenia,quindio,consultorio,4.0,,,124.0,5000000.0
armenia,quindio,apartaestudio,1.0,,2.0,38.0,1200000.0
armenia,quindio,apartaestudio,1.0,,1.0,36.0,1200000.0
armenia,quindio,apartamento,3.0,,3.0,60.0,2500000.0
armenia,quindio,apartamento,2.0,,3.0,55.0,1100000.0
armenia,quindio,apartamento,2.0,,3.0,64.0,850000.0
armenia,quindio,apartamento,2.0,,2.0,70.0,1900000.0
valledupar,cesar,local,,,,9.0,1000000.0
valledupar,cesar,apartamento,1.0,,3.0,53.0,850000.0
valledupar,cesar,apartamento,4.0,,3.0,180.0,4000000.0
valledupar,cesar,casa,4.0,,3.0,300.0,4800000.0
valledupar,cesar,apartamento,2.0,,2.0,80.0,900000.0
valledupar,cesar,casa,6.0,,12.0,2.0,9000000.0
valledupar,cesar,apartamento,2.0,,3.0,80.0,1000000.0
valledupar,cesar,local,1.0,,,67.0,4060800.0
valledupar,cesar,bodega,1.0,,,486.0,7000000.0
valledupar,cesar,oficina,1.0,,,55.0,1650000.0
valledupar,cesar,casa,9.0,,9.0,150.0,5500000.0
valledupar,cesar,casa,3.0,,4.0,120.0,1650000.0
valledupar,cesar,local,,,,21.0,1450000.0
valledupar,cesar,apartamento,2.0,,3.0,58.0,1100000.0
valledupar,cesar,lote,,,,1.0,1100000.0
valledupar,cesar,local,,,,101.0,6091200.0
valledupar,cesar,apartamento,3.0,,3.0,86.0,1500000.0
valledupar,cesar,casa,3.0,,3.0,200.0,1600000.0
valledupar,cesar,local,,1.0,,22.0,2270000.0
valledupar,cesar,local,1.0,,,217.0,5000000.0
valledupar,cesar,local,1.0,,,60.0,4000000.0
valledupar,cesar,local,,,,60.0,900000.0
valledupar,cesar,apartamento,2.0,,2.0,60.0,600000.0
valledupar,cesar,apartamento,2.0,,2.0,60.0,750000.0
valledupar,cesar,local,1.0,,,60.0,1500000.0
valledupar,cesar,local,1.0,,,38.0,1000000.0
valledupar,cesar,casa,2.0,,3.0,70.0,1300000.0
valledupar,cesar,local,1.0,,,52.0,2000000.0
valledupar,cesar,local,1.0,,,64.0,2700000.0
valledupar,cesar,apartamento,2.0,,3.0,66.0,820000.0
valledupar,cesar,local,,,,104.0,9309790.0
valledupar,cesar,apartamento,1.0,,2.0,100.0,550000.0
valledupar,cesar,casa,3.0,,3.0,110.0,1700000.0
valledupar,cesar,local,1.0,,,55.0,1100000.0
valledupar,cesar,apartaestudio,1.0,,1.0,32.0,450000.0
valledupar,cesar,apartamento,2.0,,3.0,61.0,680000.0
valledupar,cesar,apartaestudio,1.0,,1.0,45.0,670000.0
valledupar,cesar,casa,2.0,,3.0,150.0,1200000.0
valledupar,cesar,casa,3.0,,4.0,360.0,1600000.0
valledupar,cesar,casa,5.0,,4.0,150.0,1600000.0
valledupar,cesar,apartamento,2.0,,3.0,65.0,800000.0
valledupar,cesar,casa,,,3.0,159.0,1200000.0
valledupar,cesar,casa,2.0,,3.0,69.0,800000.0
valledupar,cesar,habitación,1.0,,,20.0,500000.0
valledupar,cesar,apartamento,3.0,,2.0,65.0,900000.0
valledupar,cesar,apartamento,3.0,,2.0,65.0,1800000.0
valledupar,cesar,casa,1.0,,2.0,45.0,470000.0
valledupar,cesar,local,2.0,,,180.0,1500000.0
valledupar,cesar,apartamento,1.0,,3.0,51.0,500000.0
valledupar,cesar,apartamento,3.0,,3.0,300.0,1300000.0
valledupar,cesar,local,1.0,1.0,,25.0,380000.0
valledupar,cesar,apartamento,1.0,,1.0,199.0,650000.0
valledupar,cesar,casa,1.0,,3.0,150.0,800000.0
valledupar,cesar,apartamento,3.0,,3.0,70.0,1200000.0
valledupar,cesar,habitación,,,,12.0,600000.0
valledupar,cesar,local,1.0,,,40.0,850000.0
valledupar,cesar,apartamento,2.0,,3.0,90.0,1800000.0
valledupar,cesar,apartamento,1.0,,3.0,58.0,800000.0
valledupar,cesar,local,1.0,1.0,,50.0,700000.0
valledupar,cesar,apartamento,1.0,,2.0,50.0,600000.0
valledupar,cesar,apartaestudio,1.0,,1.0,37.0,1500000.0
valledupar,cesar,apartamento,1.0,,1.0,40.0,700000.0
valledupar,cesar,casa,1.0,,2.0,50.0,650000.0
valledupar,cesar,apartamento,2.0,,3.0,55.0,750000.0
valledupar,cesar,oficina,1.0,1.0,,50.0,900000.0
valledupar,cesar,casa,3.0,,3.0,126.0,900000.0
valledupar,cesar,local,1.0,1.0,,70.0,5000000.0
valledupar,cesar,apartamento,3.0,,4.0,47.0,1040000.0
valledupar,cesar,oficina,4.0,1.0,,179.0,3500000.0
valledupar,cesar,local,1.0,1.0,,25.0,380000.0
valledupar,cesar,apartamento,2.0,,3.0,72.0,1500000.0
valledupar,cesar,apartamento,1.0,,2.0,83.0,1780000.0
valledupar,cesar,apartaestudio,1.0,,1.0,45.0,1800000.0
valledupar,cesar,apartamento,1.0,,3.0,50.0,500000.0
valledupar,cesar,apartamento,2.0,,3.0,63.0,770000.0
valledupar,cesar,casa,3.0,,3.0,126.0,900000.0
valledupar,cesar,casa,3.0,,4.0,287.0,1100000.0
valledupar,cesar,apartaestudio,1.0,,1.0,60.0,500000.0
valledupar,cesar,apartamento,2.0,,2.0,86.0,980000.0
valledupar,cesar,apartamento,2.0,,2.0,57.0,900000.0
valledupar,cesar,apartamento,2.0,,3.0,75.0,85000.0
valledupar,cesar,apartamento,1.0,,3.0,53.0,500000.0
valledupar,cesar,casa,2.0,,2.0,67.0,550000.0
valledupar,cesar,casa,2.0,,3.0,102.0,700000.0
valledupar,cesar,apartamento,2.0,,3.0,70.0,1000000.0
valledupar,cesar,habitación,1.0,,1.0,4.0,450000.0
bucaramanga,santander,local,2.0,,,225.0,5000000.0
bucaramanga,santander,apartamento,2.0,,3.0,65.0,896000.0
bucaramanga,santander,apartamento,2.0,,3.0,99.0,2600000.0
bucaramanga,santander,bodega,4.0,,1.0,1022.0,15000000.0
bucaramanga,santander,local,1.0,,,39.0,2400000.0
bucaramanga,santander,apartaestudio,1.0,,1.0,35.0,850000.0
bucaramanga,santander,local,2.0,1.0,,180.0,6500000.0
bucaramanga,santander,apartamento,2.0,,2.0,60.0,970000.0
bucaramanga,santander,local,1.0,,,30.0,1700000.0
bucaramanga,santander,casa,4.0,,4.0,200.0,3800000.0
bucaramanga,santander,local,,1.0,,23.0,3000000.0
bucaramanga,santander,local,2.0,1.0,,315.0,8000000.0
bucaramanga,santander,local,1.0,,,25.0,900000.0
bucaramanga,santander,apartamento,2.0,,2.0,55.0,950000.0
bucaramanga,santander,apartamento,3.0,,3.0,137.0,1180000.0
bucaramanga,santander,consultorio,,1.0,,65.0,4050000.0
bucaramanga,santander,local,4.0,1.0,,92.0,13000000.0
bucaramanga,santander,local,1.0,1.0,,81.0,1050000.0
bucaramanga,santander,apartamento,2.0,,2.0,28.0,1050000.0
bucaramanga,santander,oficina,,,,64.0,800000.0
bucaramanga,santander,apartamento,2.0,,2.0,43.0,900000.0
bucaramanga,santander,apartamento,1.0,,2.0,40.0,650000.0
bucaramanga,santander,bodega,5.0,,,4415.0,57300000.0
bucaramanga,santander,apartaestudio,1.0,,1.0,30.0,750000.0
bucaramanga,santander,apartaestudio,1.0,,1.0,32.0,800000.0
bucaramanga,santander,casa,2.0,,3.0,84.0,1150000.0
bucaramanga,santander,apartamento,2.0,,3.0,90.0,2363000.0
bucaramanga,santander,apartaestudio,1.0,,1.0,27.0,750000.0
bucaramanga,santander,apartamento,3.0,,3.0,104.0,1250000.0
bucaramanga,santander,bodega,1.0,,,9.0,2100000.0
bucaramanga,santander,casa,3.0,,4.0,259.0,2300000.0
bucaramanga,santander,casa,2.0,,4.0,110.0,3300000.0
bucaramanga,santander,apartamento,3.0,,3.0,89.0,1383000.0
bucaramanga,santander,casa,5.0,,4.0,155.0,4500000.0
bucaramanga,santander,apartamento,2.0,,3.0,98.0,1300000.0
bucaramanga,santander,apartamento,1.0,,2.0,64.0,900000.0
bucaramanga,santander,local,2.0,1.0,,168.0,5800000.0
bucaramanga,santander,apartaestudio,1.0,,1.0,48.0,1480000.0
bucaramanga,santander,local,1.0,1.0,,29.0,1000000.0
bucaramanga,santander,oficina,1.0,,,15.0,850000.0
bucaramanga,santander,apartamento,2.0,,3.0,80.0,1100000.0
bucaramanga,santander,local,1.0,1.0,,50.0,1100000.0
bucaramanga,santander,apartamento,2.0,,3.0,100.0,2850000.0
bucaramanga,santander,local,2.0,1.0,,66.0,2000000.0
bucaramanga,santander,apartamento,3.0,,4.0,99.0,2000000.0
bucaramanga,santander,apartamento,2.0,,2.0,110.0,800000.0
bucaramanga,santander,apartamento,4.0,,3.0,4.0,2600000.0
bucaramanga,santander,apartamento,2.0,,3.0,2.0,900000.0
bucaramanga,santander,apartamento,3.0,,4.0,175.0,2624000.0
bucaramanga,santander,apartamento,2.0,,2.0,73.0,2430000.0
bucaramanga,santander,local,2.0,1.0,,180.0,5000000.0
bucaramanga,santander,apartamento,3.0,,3.0,220.0,3500000.0
bucaramanga,santander,casa,,,,250.0,4000000.0
bucaramanga,santander,apartamento,2.0,,2.0,78.0,2500000.0
bucaramanga,santander,casa,4.0,,4.0,232.0,3200000.0
bucaramanga,santander,apartamento,1.0,,1.0,40.0,700000.0
bucaramanga,santander,apartamento,1.0,,2.0,50.0,900000.0
bucaramanga,santander,oficina,1.0,,,35.0,1000000.0
bucaramanga,santander,local,3.0,1.0,,240.0,2200000.0
bucaramanga,santander,apartamento,2.0,,2.0,60.0,1150000.0
bucaramanga,santander,local,1.0,,,28.0,2000000.0
bucaramanga,santander,oficina,1.0,,,43.0,1088000.0
bucaramanga,santander,apartamento,3.0,,3.0,138.0,2900000.0
bucaramanga,santander,apartamento,2.0,,2.0,64.0,1200000.0
bucaramanga,santander,apartamento,1.0,,2.0,49.0,690000.0
bucaramanga,santander,oficina,,,,25.0,1200000.0
bucaramanga,santander,apartamento,3.0,,3.0,100.0,2100000.0
bucaramanga,santander,local,1.0,,,30.0,861000.0
bucaramanga,santander,local,2.0,,,500.0,15000000.0
bucaramanga,santander,oficina,1.0,,,20.0,600000.0
bucaramanga,santander,casa_campestre,5.0,,4.0,400.0,7000000.0
bucaramanga,santander,apartamento,2.0,,3.0,70.0,1100000.0
bucaramanga,santander,casa,3.0,,3.0,121.0,2500000.0
bucaramanga,santander,local,2.0,1.0,,55.0,2100000.0
bucaramanga,santander,apartamento,2.0,,4.0,130.0,1300000.0
bucaramanga,santander,bodega,1.0,,1.0,330.0,5500000.0
bucaramanga,santander,apartamento,2.0,,3.0,65.0,1500000.0
bucaramanga,santander,local,1.0,,,24.0,800000.0
bucaramanga,santander,local,1.0,1.0,,26.0,1100000.0
bucaramanga,santander,apartamento,1.0,,1.0,32.0,800000.0
bucaramanga,santander,local,1.0,,,15.0,580000.0
bucaramanga,santander,local,1.0,,,22.0,1850000.0
bucaramanga,santander,oficina,1.0,1.0,,11.0,757000.0
bucaramanga,santander,oficina,4.0,1.0,,230.0,2500000.0
valledupar,cesar,local,,1.0,,68.0,900000.0
valledupar,cesar,apartamento,2.0,,2.0,63.0,950000.0
valledupar,cesar,apartamento,2.0,,3.0,79.0,850000.0
valledupar,cesar,edificio,3.0,,,275.0,80000.0
valledupar,cesar,local,2.0,,,220.0,9000000.0
valledupar,cesar,apartamento,2.0,,3.0,80.0,750000.0
valledupar,cesar,edificio,4.0,,,333.0,40000.0
valledupar,cesar,apartamento,4.0,,3.0,170.0,2000000.0
valledupar,cesar,local,,,,38.0,1200000.0
valledupar,cesar,casa,3.0,,3.0,120.0,1700000.0
valledupar,cesar,local,,,,260.0,19500000.0
valledupar,cesar,apartamento,3.0,,3.0,110.0,1200000.0
valledupar,cesar,apartamento,1.0,,2.0,49.0,650000.0
valledupar,cesar,casa,3.0,,4.0,300.0,1250000.0
valledupar,cesar,local,,,,60.0,4000000.0
valledupar,cesar,casa,2.0,,5.0,465.0,2000000.0
valledupar,cesar,local,,1.0,,6.0,1250000.0
valledupar,cesar,apartamento,2.0,,2.0,80.0,900000.0
valledupar,cesar,apartamento,3.0,,4.0,280.0,2100000.0
valledupar,cesar,apartamento,2.0,,3.0,80.0,750000.0
valledupar,cesar,apartamento,2.0,,3.0,93.0,1300000.0
bucaramanga,santander,apartamento,2.0,,3.0,56.0,1100000.0
bucaramanga,santander,edificio,10.0,,1.0,450.0,7000000.0
bucaramanga,santander,oficina,8.0,,,450.0,17900000.0
bucaramanga,santander,casa,3.0,,7.0,280.0,3600000.0
bucaramanga,santander,casa,5.0,,3.0,170.0,3100000.0
bucaramanga,santander,local,2.0,,,118.0,3800000.0
bucaramanga,santander,local,1.0,,,20.0,1100000.0
bucaramanga,santander,local,2.0,1.0,,217.0,1200000.0
bucaramanga,santander,apartamento,2.0,,2.0,70.0,1400000.0
bucaramanga,santander,local,1.0,,,80.0,2500000.0
bucaramanga,santander,apartamento,2.0,,2.0,55.0,970000.0
bucaramanga,santander,oficina,1.0,1.0,,14.0,500000.0
bucaramanga,santander,local,1.0,,,67.0,2500000.0
bucaramanga,santander,apartamento,1.0,,2.0,40.0,800000.0
bucaramanga,santander,bodega,1.0,,,117.0,2500000.0
bucaramanga,santander,local,3.0,,,522.0,22000000.0
bucaramanga,santander,apartamento,2.0,,3.0,80.0,1400000.0
bucaramanga,santander,oficina,1.0,1.0,,41.0,2200000.0
bucaramanga,santander,local,2.0,1.0,,76.0,2100000.0
bucaramanga,santander,oficina,,,,26.0,1300000.0
bucaramanga,santander,bodega,1.0,,,200.0,3300000.0
bucaramanga,santander,apartaestudio,1.0,,1.0,31.0,980000.0
bucaramanga,santander,local,1.0,1.0,,3.0,1261600.0
bucaramanga,santander,casa,2.0,,3.0,115.0,1300000.0
bucaramanga,santander,oficina,1.0,,,41.0,2000000.0
bucaramanga,santander,casa,2.0,,6.0,320.0,5800000.0
bucaramanga,santander,apartamento,3.0,,3.0,160.0,4500000.0
bucaramanga,santander,consultorio,1.0,1.0,,25.0,1100000.0
bucaramanga,santander,apartamento,2.0,,3.0,78.0,2400000.0
bucaramanga,santander,apartamento,2.0,,2.0,80.0,2500000.0
bucaramanga,santander,apartamento,1.0,,2.0,42.0,700000.0
bucaramanga,santander,casa,9.0,,18.0,1050.0,25000000.0
bucaramanga,santander,apartamento,1.0,,3.0,55.0,1100000.0
bucaramanga,santander,oficina,1.0,,,25.0,550000.0
bucaramanga,santander,local,1.0,1.0,,53.0,1300000.0
bucaramanga,santander,oficina,1.0,1.0,,14.0,400000.0
bucaramanga,santander,local,1.0,,,12.0,900000.0
bucaramanga,santander,apartamento,2.0,,3.0,105.0,1324000.0
bucaramanga,santander,local,5.0,,,430.0,12000000.0
bucaramanga,santander,casa,7.0,,7.0,430.0,6000000.0
bucaramanga,santander,local,1.0,1.0,,36.0,3000000.0
bucaramanga,santander,apartamento,2.0,,3.0,60.0,1400000.0
bucaramanga,santander,local,4.0,1.0,,357.0,10000000.0
bucaramanga,santander,local,1.0,1.0,,90.0,3500000.0
bucaramanga,santander,casa,,,,226.0,4900000.0
bucaramanga,santander,casa,7.0,,5.0,388.0,15000000.0
bucaramanga,santander,apartamento,2.0,,4.0,132.0,1900000.0
bucaramanga,santander,local,1.0,1.0,,48.0,1200000.0
bucaramanga,santander,local,1.0,1.0,,36.0,1100000.0
bucaramanga,santander,local,1.0,,,24.0,950000.0
bucaramanga,santander,oficina,2.0,,,60.0,1500000.0
bucaramanga,santander,local,1.0,1.0,,80.0,2000000.0
bucaramanga,santander,local,1.0,,,30.0,950000.0
bucaramanga,santander,oficina,,,,22.0,680000.0
bucaramanga,santander,bodega,2.0,,1.0,217.0,1400000.0
bucaramanga,santander,edificio,9.0,,,2975.0,15000000.0
bucaramanga,santander,apartamento,1.0,,2.0,60.0,950000.0
bucaramanga,santander,local,3.0,1.0,,180.0,4000000.0
bucaramanga,santander,casa,5.0,,5.0,450.0,5000000.0
bucaramanga,santander,oficina,1.0,,,50.0,1000000.0
bucaramanga,santander,local,1.0,1.0,,45.0,1545000.0
bucaramanga,santander,oficina,1.0,,,33.0,850000.0
bucaramanga,santander,oficina,1.0,1.0,,13.0,400000.0
bucaramanga,santander,local,1.0,1.0,,80.0,2800000.0
bucaramanga,santander,oficina,1.0,,,53.0,730000.0
bucaramanga,santander,local,2.0,1.0,,98.0,6000000.0
bucaramanga,santander,bodega,,,1.0,400.0,50000000.0
bucaramanga,santander,oficina,1.0,1.0,,250.0,7000000.0
bucaramanga,santander,local,,,,30.0,650000.0
bucaramanga,santander,local,1.0,1.0,,50.0,1400000.0
bucaramanga,santander,apartamento,1.0,,2.0,60.0,900000.0
bucaramanga,santander,local,1.0,,,4.0,550000.0
bucaramanga,santander,apartamento,1.0,,2.0,45.0,700000.0
bucaramanga,santander,local,1.0,,,14.0,900000.0
bucaramanga,santander,local,2.0,,,63.0,2300000.0
bucaramanga,santander,apartamento,2.0,,3.0,107.0,1400000.0
bucaramanga,santander,apartamento,2.0,,3.0,180.0,3500000.0
bucaramanga,santander,apartamento,4.0,,4.0,132.0,2400000.0
bucaramanga,santander,oficina,1.0,,,60.0,1200000.0
bucaramanga,santander,apartamento,2.0,,3.0,63.0,750000.0
bucaramanga,santander,local,1.0,1.0,,14.0,750000.0
bucaramanga,santander,local,,1.0,,6.0,600000.0
bucaramanga,santander,local,,1.0,,18.0,460000.0
bucaramanga,santander,apartamento,1.0,,3.0,66.0,1100000.0
bucaramanga,santander,apartamento,3.0,,3.0,106.0,1800000.0
bucaramanga,santander,oficina,,1.0,,31.0,650000.0
bucaramanga,santander,edificio,4.0,,,360.0,8000000.0
bucaramanga,santander,casa,5.0,,8.0,450.0,8000000.0
bucaramanga,santander,apartamento,1.0,,2.0,50.0,900000.0
bucaramanga,santander,apartamento,2.0,,3.0,67.0,1210200.0
bucaramanga,santander,edificio,7.0,,1.0,1503.0,18000000.0
bucaramanga,santander,apartamento,3.0,,3.0,198.0,3500000.0
bucaramanga,santander,apartaestudio,1.0,,1.0,24.0,800000.0
bucaramanga,santander,bodega,2.0,,1.0,227.0,5000000.0
bucaramanga,santander,casa,3.0,,6.0,280.0,8000000.0
bucaramanga,santander,oficina,,,,25.0,800000.0
bucaramanga,santander,casa,3.0,,5.0,315.0,6500000.0
bucaramanga,santander,consultorio,2.0,,,90.0,1500000.0
bucaramanga,santander,apartamento,2.0,,3.0,110.0,2200000.0
bucaramanga,santander,casa,4.0,,4.0,264.0,3850000.0
bucaramanga,santander,casa,7.0,,6.0,388.0,12500000.0
bucaramanga,santander,local,1.0,1.0,,30.0,900000.0
bucaramanga,santander,oficina,1.0,,,51.0,900000.0
bucaramanga,santander,casa,6.0,,5.0,1500.0,7000000.0
bucaramanga,santander,apartamento,3.0,,4.0,116.0,2000000.0
bucaramanga,santander,oficina,1.0,1.0,,80.0,2600000.0
bucaramanga,santander,apartamento,2.0,,3.0,80.0,1360000.0
bucaramanga,santander,casa,3.0,,6.0,189.0,2100000.0
bucaramanga,santander,apartamento,2.0,,3.0,78.0,1700000.0
bucaramanga,santander,local,1.0,,,106.0,2800000.0
bucaramanga,santander,apartamento,2.0,,3.0,13.0,2000000.0
bucaramanga,santander,apartamento,2.0,,2.0,64.0,1650000.0
bucaramanga,santander,apartamento,2.0,,2.0,80.0,1050000.0
bucaramanga,santander,casa,3.0,,4.0,430.0,2300000.0
bucaramanga,santander,apartamento,2.0,,2.0,62.0,1600000.0
bucaramanga,santander,casa,3.0,,5.0,280.0,4000000.0
bucaramanga,santander,apartamento,2.0,,3.0,6.0,1100000.0
bucaramanga,santander,apartamento,2.0,,3.0,98.0,2000000.0
bucaramanga,santander,oficina,1.0,,,82.0,2500000.0
bucaramanga,santander,apartamento,2.0,,3.0,100.0,2992000.0
bucaramanga,santander,casa,1.0,,2.0,49.0,750000.0
bucaramanga,santander,apartamento,1.0,,2.0,50.0,860000.0
bucaramanga,santander,bodega,6.0,,1.0,1000.0,20000000.0
bucaramanga,santander,apartamento,2.0,,2.0,66.0,1600000.0
bucaramanga,santander,apartamento,2.0,,3.0,55.0,1200000.0
bucaramanga,santander,apartamento,2.0,,3.0,60.0,1100000.0
